{"cameraMode":{"drawMode":0,"name":"Shaded","section":"Shading Mode"},"sceneLighting":true,"audioPlay":false,"sceneViewState":{"m_AlwaysRefresh":false,"showFog":false,"showSkybox":false,"showFlares":false,"showImageEffects":false,"showParticleSystems":false,"showVisualEffectGraphs":false,"m_FxEnabled":true},"in2DMode":false,"pivot":{"x":7.257768630981445,"y":2.1810965538024904,"z":0.42326897382736208},"rotation":{"x":0.08807805925607681,"y":-0.9118747115135193,"z":0.28839346766471865,"w":0.2785046696662903},"size":1.7967993021011353,"orthographic":false}